Provider Name,State,City,Claims_Paid_for_Testing,Claims_Paid_for_Treatment,Georeferenced Column
ST JOSEPH HEALTH NORTH,CA,EUREKA,935.22,0,POINT (-124.161309 40.786143)
MARYAM PHILLIPS,FL,FERN PARK,0,109.18,POINT (-81.351966 28.651843000000003)
MOHAMMAD AFZAL,FL,LEESBURG,0,108.33,POINT (-81.881816 28.811191000000004)
HCTB INC,FL,SAINT CLOUD,1711.44,0,POINT (-81.280117 28.248887)
COVENANT CLINIC,IA,JESUP,1657.20,866.14,POINT (-92.061245 42.476395)
CITY OF CHICAGO,IL,CHICAGO,0,954.18,POINT (-87.632398 41.88322900000001)
SWEDISH COVENANT MEDIC,IL,CHICAGO,0,678.40,POINT (-87.632398 41.88322900000001)
CAPE COD HOSPITAL,MA,HYANNIS,51.33,0,POINT (-70.283302 41.652802)
MASS EXPRESS CARE,MA,RAYNHAM,83.43,0,POINT (-71.072885 41.949009)
LAHEY CLINIC INC,MA,WILMINGTON,56.38,0,POINT (-71.16382900000002 42.558285)
JOSETTE MARIA,NC,SPRING LAKE,211.62,0,POINT (-78.980271 35.177486)
ID CARE PA,NJ,WAYNE,0,3622.19,POINT (-74.231046 40.927178)
NORTH SHORE LIJ,NY,REGO PARK,1490.28,4557.15,POINT (-73.853104 40.726398)
GUTHRIE CLINIC,NY,VESTAL,0,17.02,POINT (-76.049207 42.085651)
WIZCARE,TX,WHITNEY,2900.80,0,POINT (-97.320205 31.951036)
UW PHYSICIANS,WA,SEATTLE,0,1813.53,POINT (-122.33028000000002 47.603229)
DEAN CLINIC,WI,MADISON,51.33,0,POINT (-89.385244 43.073926)
RADIOLOGY,WV,HUNTINGTON,15.71,0,POINT (-82.445205 38.419051)
FLORIDA REGIONAL EMERG,FL,MIAMI,1642.76,0,POINT (-80.194702 25.775084)
MONTEFIORE MEDICAL CEN,NY,BRONX,14456.86,34276.99,POINT (-73.920265 40.826153)
BERKELEY EMERGENCY MED,CA,BERKELEY,5579.98,2790.84,POINT (-122.270455 37.869058)
UCLA DEPARTMENT OF MED,CA,LOS ANGELES,191.65,0,POINT (-118.243344 34.052238)
RURAL HEALTH MEDICAL P,AL,CAMDEN,21.51,0,POINT (-87.295516 32.005748)
MIRIAM HOSPITAL,RI,EAST GREENWICH,0,154.03,POINT (-71.450022 41.662261)
UM COMMUNITY MEDICAL G,MD,DENTON,47.45,0,POINT (-75.827624 38.883951)
LAKE MICHIGAN EMERGENC,MI,MUSKEGON,2739.06,900.24,POINT (-86.246388 43.234221)
NOVANT MEDICAL GROUP,NC,WINSTON SALEM,2991.73,2026.72,POINT (-80.243735 36.096261)
ASCENSION RIVER DISTRI,MI,EAST CHINA,3692.84,0,POINT (-82.483426 42.758987000000005)
CHEROKEE NATION,OK,JAY,127.65,0,POINT (-94.796543 36.421527)
PEARSALL EMERGENCY MED,TX,EL PASO,595.58,244.20,POINT (-106.492257 31.76006)
PEDIATRIC SPECIALISTS,VA,FALLS CHURCH,0,316.25,POINT (-77.173697 38.88393400000001)
STERLING EMERGENCY SER,FL,MIAMI BEACH,871.25,9498.10,POINT (-80.13485200000001 25.792236)
NORTH JERSEY PRIMARY C,NJ,PARAMUS,0,730.97,POINT (-74.075269 40.951915)
FLOYD HEALTHCARE MANAG,GA,ROME,538.99,1283.63,POINT (-85.180623 34.260461)
KENOSHA COMMUNITY HEAL,WI,KENOSHA,14784.57,0,POINT (-87.822877 42.588079)
SOUTH SHORE INFECTIOUS,NY,BAY SHORE,0,40587.77,POINT (-73.246812 40.722361)
UM COMMUNITY MEDICAL G,MD,LA PLATA,50.87,363.58,POINT (-76.97465 38.529215)
PLATTE VALLEY MEDICAL,CO,BRIGHTON,1305.36,16739.58,POINT (-104.812604 39.986767)
PRIME HEALTHCARE PC,CT,WATERBURY,163.52,0,POINT (-73.043069 41.554261)
CCI HEALTH AND WELLNES,MD,SILVER SPRING,967.02,362.80,POINT (-77.028121 38.996088)
GARDEN CITY URGENT CAR,MI,GARDEN CITY,171.81,0,POINT (-83.330914 42.325572)
UCLA DEPARTMENT OF MED,CA,PORTER RANCH,55.72,0,POINT (-118.570236 34.275562)
IBMC ER PHYSICIANS,OK,OKLAHOMA CITY,0,126.70,POINT (-97.521264 35.468494)
Northside Hospital,GA,CUMMING,13723.61,134151.76,POINT (-84.140359 34.207048)
NOVANT MEDICAL GROUP,NC,THOMASVILLE,12484.47,849.71,POINT (-80.081834 35.88318)
SAINTS MEDICAL GROUP,OK,OKLAHOMA CITY,42.87,0,POINT (-97.521264 35.468494)
NEWARK WAYNE COMMUNITY,NY,NEWARK,1333.55,0,POINT (-77.095287 43.046636)
ATHENS CLARKE EMERGENC,GA,ATHENS,65.19,0,POINT (-83.376798 33.957412000000005)
EMERGENCY MEDICINE ASS,VA,NEWPORT NEWS,1477.19,9362.93,POINT (-76.430349 36.977714)
NATIVE AMERICAN COMMUN,MN,MINNEAPOLIS,1020.19,43.05,POINT (-93.264346 44.977479)
UNITY CARE NW,WA,BELLINGHAM,103.96,0,POINT (-122.478122 48.754899)
MIDWEST PULMONARY CRIT,IL,OAK LAWN,0,55189.31,POINT (-87.750562 41.719979)
PALMETTO HEALTH USC ME,SC,COLUMBIA,0,205.63,POINT (-81.037094 34.009286)
HOWARD MENTAL HEALTH,IN,KOKOMO,418.83,0,POINT (-86.131244 40.486508)
TRINITY HEALTH OF NEW,CT,HARTFORD,146.98,4005.72,POINT (-72.673356 41.765775)
St Barnabas Hospital,NY,BRONX,155.02,79725.39,POINT (-73.920265 40.826153)
ZIPCLINIC URGENT CARE,CO,WESTMINSTER,42381.54,1339.86,POINT (-105.050335 39.863462)
GLHS ANESTHESIA GROUP,IN,LAFAYETTE,0,234.83,POINT (-86.890617 40.417328)
NORTHEAST FLORIDA HEAL,FL,SOUTH DAYTONA,24613.81,0,POINT (-81.012507 29.170675000000003)
MEDICAL SERVICES OF SU,NY,LOWVILLE,171.25,0,POINT (-75.492243 43.786667)
JONES MEMORIAL HOSPITA,NY,WELLSVILLE,410.64,0,POINT (-77.946058 42.120693)
UNIVERSITY OF CALIFORN,CA,IRVINE,0,386.20,POINT (-117.824719 33.685908)
NOVANT MEDICAL GROUP,NC,WINSTON SALEM,484.43,508.24,POINT (-80.243735 36.096261)
BUFFALO EMERGENCY ASSO,NY,KENMORE,0,171.25,POINT (-78.870039 42.962823)
COMMUNITY MEDICAL ASSO,KY,LOUISVILLE,173.04,172.09,POINT (-85.751569 38.256078)
MEDICAL ASSOCIATES OF,NJ,FAIR LAWN,0,1194.65,POINT (-74.118724 40.936465000000005)
NOVANT MEDICAL GROUP,VA,MANASSAS,0,656.23,POINT (-77.475089 38.750771)
CAREPOINT EMERGENCY ME,KS,WICHITA,663.75,0,POINT (-97.335571 37.686024)
MEMORIAL MEDICAL CENTE,IL,SPRINGFIELD,15.31,0,POINT (-89.643624 39.79936)
NORTH FLORIDA MEDICAL,FL,CRESTVIEW,290.83,0,POINT (-86.562651 30.749649)
MVES AUSTINTOWN LLC,MD,GERMANTOWN,65.75,0,POINT (-77.270161 39.176944)
CHEROKEE HEALTH SYSTEM,TN,TALBOTT,2456.07,0,POINT (-83.408184 36.157407)
CATHOLIC HEALTH,CO,COLORADO SPRINGS,570.72,0,POINT (-104.819798 38.835224)
JEFFERSON UNIVERSITY P,PA,PHILADELPHIA,0,6290.90,POINT (-75.16562 39.951061)
SEA MAR COMMUNITY HEAL,WA,FEDERAL WAY,3330.76,2435.12,POINT (-122.33465799999999 47.315177000000006)
UNITY HEALTH CARE,DC,WASHINGTON,521.72,74.05,POINT (-77.019912 38.892062)
SHERIDAN RADIOLOGY SER,FL,LAUDERDALE LAKES,9.70,884.77,POINT (-80.2062 26.16856)
NOVANT HEALTH,NC,CHARLOTTE,23256.07,15401.64,POINT (-80.840161 35.222936)
RIGHTTIME MEDICAL CARE,MD,OLNEY,0,4426.47,POINT (-77.066893 39.152619)
PROVIDENCE HEALTH AND,WA,MARYSVILLE,76.10,0,POINT (-122.17310200000001 48.051799)
ST JOSEPH PLACE,NY,PORT JERVIS,3346.74,1155.91,POINT (-74.685055 41.375775000000004)
VALLEY WEST COMMUNITY,IL,SANDWICH,4973.04,0,POINT (-88.621747 41.645771)
UCHealth Medical Group,CO,FORT COLLINS,885.89,33068.74,POINT (-105.082459 40.588972)
BOONE COUNTY HEALTH CE,NE,ALBION,252.20,170.37,POINT (-97.99586400000001 41.689913)
UNIVERSITY OF PENN MED,PA,PHILADELPHIA,4804.03,34308.78,POINT (-75.16562 39.951061)
UM COMMUNITY MEDICAL G,MD,CHESTERTOWN,82.11,0,POINT (-76.06576 39.211199)
CITY OF ST LOUIS EMERG,MO,SAINT LOUIS,0,2419.59,POINT (-90.200309 38.630276)
ORANGE COUNTY URGENT C,CA,ATASCADERO,1224.44,113.04,POINT (-120.666437 35.480769)
ID CARE PA,NJ,SOMERSET,0,11881.32,POINT (-74.522971 40.498331)
RUSH UNIVERSITY MEDICA,IL,OAK PARK,0,972.04,POINT (-87.794492 41.88865)
STEWARD EMERGENCY PHYS,MA,METHUEN,2153.45,319.10,POINT (-71.191399 42.72610100000001)
MAIN LINE HEALTHCARE,PA,GLEN MILLS,104.31,0,POINT (-75.491898 39.919201)
PHYSICIAN GROUP LC,MO,SAINT LOUIS,0,217.28,POINT (-90.200309 38.630276)
BAYCARE CLINIC LLP,WI,GREEN BAY,2476.29,2779.85,POINT (-88.013256 44.513288)
THE WESTCHESTER MEDICA,NY,YONKERS,868.31,1806.34,POINT (-73.896052 40.932014)
MERCY HOSPITAL,ME,PORTLAND,5439.08,1064.54,POINT (-70.256519 43.659218)
ELIZABETH DEWEY MD,NC,GREENSBORO,317.43,0,POINT (-79.793899 36.072701)
GOLD STAR EMS LLC,GA,ALBANY,0,844.02,POINT (-84.155875 31.57846)
NEIGHBORHOOD HEALTH CL,IN,FORT WAYNE,249.60,0,POINT (-85.137495 41.077474)
ABBOTT NORTHWESTERN HO,MN,SAINT PAUL,4443.46,1019.49,POINT (-93.094281 44.943719)
ALTAMED HEALTH SERVICE,CA,PICO RIVERA,65556.00,15492.57,POINT (-118.07937200000002 33.99945)
MUNSON MEDICAL CENTER,MI,TRAVERSE CITY,16858.44,425.44,POINT (-85.605469 44.759092)
LEWIS GALE PHYSICIANS,VA,SALEM,218.18,285.53,POINT (-80.056759 37.292986000000006)
QUALITY URGENT CARE PC,CO,LOUISVILLE,1505.62,0,POINT (-105.132138 39.976838)
VALLEY REGIONAL ENTERP,VA,STRASBURG,490.94,0,POINT (-78.358835 38.988485)
JOHNSTON HEALTH,NC,SMITHFIELD,7597.67,56435.91,POINT (-78.341343 35.505917)
FAUQUIER HOSPITAL,VA,WARRENTON,275.73,0,POINT (-77.795561 38.713842)
PRESBYTERIAN HOME HEAL,NM,SANTA FE,81818.48,2118.53,POINT (-105.939593 35.692133)
EXCEL URGENT CARE PLLC,TX,HOUSTON,14351.69,0,POINT (-95.369506 29.760803)
BAXTER REGIONAL MEDICA,AR,MOUNTAIN HOME,564.63,0,POINT (-92.387497 36.335882)
HEALTHALLIANCE HOSPITA,MA,LEOMINSTER,12889.78,3562.40,POINT (-71.760142 42.525857)
INFECTIOUS DISEASE PRA,NY,ROCKVILLE CENTRE,0,19084.95,POINT (-73.640293 40.662249)
PROVIDENCE HEALTH AND,OR,MOLALLA,40.33,0,POINT (-122.575321 45.147123)
SOUTHEAST GEORGIA HEAL,GA,BRUNSWICK,33290.42,45135.46,POINT (-81.50248 31.168992)
NINTH AVENUE INTERNAL,CO,DENVER,462.84,0,POINT (-104.984853 39.738453)
CARDIOVASCULAR AND HEA,TX,TOMBALL,0,361.77,POINT (-95.616006 30.097205000000002)
OUR LADY OF THE LAKE P,LA,PRAIRIEVILLE,229.38,0,POINT (-90.972736 30.304505)
HUNTSVILLE HOSPITAL,AL,HUNTSVILLE,200554.53,66299.43,POINT (-86.585283 34.729538)
INTERMOUNTAIN HEALTHCA,UT,PARK CITY,1051.32,21094.01,POINT (-111.509385 40.66036)
ACCESS FAMILY HEALTH,MS,SMITHVILLE,1481.72,0,POINT (-88.399222 34.068394)
TYLER REGIONAL HOSPITA,TX,TYLER,9034.76,138710.03,POINT (-95.300644 32.350763)
MERCY EMERGENCY DEPART,MO,O FALLON,572.58,0,POINT (-90.699957 38.808644)
GERID HIV PLLC,TX,HOUSTON,0,5583.79,POINT (-95.369506 29.760803)
GRADY EMS LLC,GA,FORT GAINES,0,4283.06,POINT (-85.049886 31.606444000000003)
METHODIST HEALTHCARE S,TX,SAN ANTONIO,0,50421.01,POINT (-98.494599 29.425172999999997)
WVU HOSPITALS INC,WV,MORGANTOWN,0,10340.50,POINT (-79.955946 39.629757)
ST LUCIE MEDICAL CENTE,FL,BRADENTON,21071.19,56869.03,POINT (-82.562798 27.488962)
ALLIED EMERGENCY PHYSI,CA,SIMI VALLEY,2536.14,1526.25,POINT (-118.71280400000002 34.286321)
ST LUKES PHYSICIAN GRO,PA,ALLENTOWN,317.72,234.03,POINT (-75.469759 40.602753)
PROGRESSIVE EMERGENCY,PA,EAST NORRITON,538.94,1308.05,POINT (-75.340855 40.150245)
FIRST CALL AMBULANCE,TN,OLD HICKORY,0,5711.90,POINT (-86.647797 36.259701)
SANTA MONICA UCLA MEDI,CA,SANTA MONICA,14952.93,3082.30,POINT (-118.49151200000001 34.010932)
ORLANDO HEALTH,FL,ORLANDO,510.22,13098.81,POINT (-81.378879 28.538331)
FLATWOODS IMPATIENT SE,FL,OVIEDO,0,229.67,POINT (-81.208479 28.670289999999998)
VALLEY PHYSICIAN SERVI,NJ,LINDEN,147.56,0,POINT (-74.249961 40.629587)
LOUISVILLE KIDNEY CARE,KY,LOUISVILLE,0,3323.02,POINT (-85.751569 38.256078)
THE EMORY CLINIC,GA,SMYRNA,0,73.57,POINT (-84.512657 33.880244)
INDIANA EMERGENCY PHYS,IN,FRANKFORT,183.07,0,POINT (-86.51066300000001 40.279704)
CAREPOINT HOSPITAL MED,KS,WICHITA,0,196.28,POINT (-97.335571 37.686024)
AURORA ADVANCED HEALTH,WI,NEW BERLIN,160.17,0,POINT (-88.095677 42.995503)
UES RICHMOND HEIGHTS L,OH,RICHMOND HEIGHTS,1401.41,519.75,POINT (-81.497083 41.552752000000005)
IOWA EMERGENCY PHYSICI,IA,WATERLOO,499.50,1446.66,POINT (-92.34364 42.493469)
ALLIANCE PHYSICIANS IN,OH,DAYTON,0,164.70,POINT (-84.19220300000002 39.760982)
ST JUDE EMERGENCY MEDI,CA,FULLERTON,2785.58,1958.44,POINT (-117.92430200000001 33.870345)
QUEST DIAGNOSTICS,IL,WOOD DALE,431676.76,30919.72,POINT (-87.978803 41.966955)
OAKWOOD AMBULATORY LLC,MI,ROSEVILLE,54.13,0,POINT (-82.923877 42.51718)
WESLEY MEDICAL CENTER,KS,WICHITA,9533.95,64074.60,POINT (-97.335571 37.686024)
TULSA RADIOLOGY ASSOCI,OK,CLAREMORE,315.68,890.45,POINT (-95.61658 36.313969)
EMERGENCY CARE SERVICE,PA,WILKES BARRE,0,175.01,POINT (-75.881184 41.246249)
GULF COAST MEDICAL CEN,FL,PANAMA CITY,8459.58,39858.80,POINT (-85.73078000000001 30.185159)
ST LUKES PHYSICIAN GRO,PA,PHILADELPHIA,14.45,0,POINT (-75.16562 39.951061)
ADVANTAGE FAMILY CARE,AL,FLORENCE,89.71,0,POINT (-87.673264 34.801317)
PULMONARY PHYSICIANS O,FL,PALMETTO BAY,0,3209.76,POINT (-80.324944 25.621012)
Lenox Hill Hospital,NY,NEW YORK,24303.65,107505.06,POINT (-74.007228 40.713054)
HOUSTON MEDICAL CENTER,GA,PERRY,0,4444.83,POINT (-83.732465 32.459439)
EMERGENCY PHYSICIANS O,FL,LONGWOOD,122706.61,3872.98,POINT (-81.352659 28.704558)
CLHG OAKDALE LLC,LA,OAKDALE,102.66,0,POINT (-92.660808 30.815799000000002)
TEXAS HEALTH PHYSICIAN,TX,SUNNYVALE,142.59,52.26,POINT (-96.60251 32.81344)
SPECTRUM HEALTH MEDICA,MI,BIG RAPIDS,0,249.72,POINT (-85.48398 43.702205)
COCONUT CREEK EMERGENC,FL,MARGATE,2022.94,617.51,POINT (-80.204917 26.242534)
HEALTHONE CLINIC SERVI,CO,LITTLETON,0,787.28,POINT (-105.016198 39.612653)
ALTEON HEALTH NEW JERS,NJ,HOLMDEL,386.14,560.99,POINT (-74.182352 40.38217)
COLUMBIA ST MARYS HOSP,WI,MEQUON,606.46,0,POINT (-88.014829 43.221598)
UMASS MEMORIAL MEDICAL,MA,BARRE,328.94,0,POINT (-72.104847 42.42235)
JUPITER HOSPITALISTS I,FL,JUPITER,0,1015.30,POINT (-80.099736 26.934145)
SOUTHCOAST PHYSICIAN S,MA,NEW BEDFORD,0,8645.49,POINT (-70.92766 41.63405)
NORTH JERSEY PRIMARY C,NJ,ROCHELLE PARK,0,245.22,POINT (-74.076618 40.906116)
COMMUNITY HEALTH CENTE,UT,SALT LAKE CITY,73.15,283.37,POINT (-111.888142 40.758478)
DOCTORS EXPRESS,OR,OREGON CITY,854.25,135.18,POINT (-122.590784 45.33675)
ROBERT WOOD JOHNSON ME,NJ,NEW BRUNSWICK,0,566.67,POINT (-74.444139 40.495921)
LACKEY MEMORIAL HOSPIT,MS,FOREST,36680.35,22289.86,POINT (-89.474486 32.364101)
MEMPHIS URGENT CARE 2,TN,COLLIERVILLE,173.02,0,POINT (-89.668627 35.045572)
FOUNDATION MEDICAL PAR,NH,PELHAM,0,161.74,POINT (-71.322564 42.733783)
PROVIDENCE HOSPITAL AN,MI,SOUTHFIELD,10588.15,202673.53,POINT (-83.240756 42.477952)
NORTHEAST MEDICAL GROU,CT,SHELTON,46.38,0,POINT (-73.092968 41.316843)
MOSAIC LIFE CARE OF ST,MO,CAMERON,334.82,0,POINT (-94.23583 39.741205)
GEORGIA MOUNTAINS HEAL,GA,CHATSWORTH,207.24,0,POINT (-84.769567 34.766103)
FRANCISCAN MEDICAL GRO,WA,PORT ORCHARD,1397.97,76.66,POINT (-122.636318 47.537998)
WEST JERSEY HEALTH SYS,NJ,VOORHEES,0,214857.24,POINT (-74.949196 39.857822000000006)
ROBERT C BYRD CLINIC,WV,LEWISBURG,3025.88,290.50,POINT (-80.445414 37.801721)
SESSINE NAJJAR MD LLC,NJ,CLIFTON,0,6991.25,POINT (-74.160996 40.865418)
MEMORIAL HOSPITAL,TN,CHATTANOOGA,806.42,392.18,POINT (-85.308287 35.045756)
LAKE WALES EMERGENCY P,FL,LAKE WALES,351.65,0,POINT (-81.586277 27.901237)
UMASS MEMORIAL MEDICAL,MA,WESTBOROUGH,0,154.09,POINT (-71.61575 42.26697)
ST VINCENT MEDICAL GRO,IN,NORTH VERNON,120.76,0,POINT (-85.629525 39.005959)
CHEROKEE HEALTH SYSTEM,TN,MORRISTOWN,70.79,0,POINT (-83.295107 36.214459)
PATIENT FIRST,MD,BALTIMORE,150.09,0,POINT (-76.612333 39.290443)
MAIMONIDES CARDIOLOGY,NY,BROOKLYN,0,69.37,POINT (-73.990996 40.692529)
PHILLIPSBURG EMERGENCY,NJ,PHILLIPSBURG,0,444.18,POINT (-75.188802 40.695775)
THE OHIO STATE UNIVERS,OH,COLUMBUS,45559.37,169481.03,POINT (-82.996216 39.962649)
EAGLE PHYSICIANS AND A,NC,GREENSBORO,150.72,0,POINT (-79.793899 36.072701)
KENNEKUK EMERGENCY PHY,IL,DANVILLE,443.62,0,POINT (-87.630211 40.142128)
NATIONAL MEDICAL PROFE,TX,FLOWER MOUND,426.70,0,POINT (-97.079639 33.034065)
NEBRASKA METHODIST HOS,NE,ELKHORN,62.06,113.26,POINT (-96.249571 41.352068)
CHATTANOOGA HAMILTON C,TN,CHATTANOOGA,2591.21,884.36,POINT (-85.308287 35.045756)
ST CLARE MEDICAL CENTE,IN,CRAWFORDSVILLE,7067.02,32174.82,POINT (-86.903342 40.04285900000001)
INFECTIOUS DISEASE CON,FL,ALTAMONTE SPRINGS,0,49257.97,POINT (-81.390362 28.670401)
WESTERN MEDICAL ASSOCI,ID,COEUR D ALENE,11512.18,0,POINT (-116.784122 47.673517)
ELVEERA VALIEVA,FL,HYPOLUXO,487.44,0,POINT (-80.053352 26.566313)
JERSEY SHORE HOSPITAL,PA,JERSEY SHORE,132.00,0,POINT (-77.271087 41.202569)
DOCTORS URGENT CARE,FL,ODESSA,173.92,0,POINT (-82.590301 28.188854)
FRIO REGIONAL HOSPITAL,TX,PEARSALL,590.10,801.94,POINT (-99.09707400000002 28.889431)
SIMPSON GENERAL HOSPIT,MS,HARRISVILLE,193.55,0,POINT (-90.07779700000002 31.9722)
SPRING BRANCH COMMUNIT,TX,HOUSTON,45.23,65.95,POINT (-95.369506 29.760803)
ROCKFORD HEALTH PHYSIC,IL,ROCKFORD,177.86,0,POINT (-89.088377 42.266802)
NORTHWEST RADIOLOGY NE,IN,INDIANAPOLIS,0,98.34,POINT (-86.156212 39.76845)
HOLY CROSS HOSPITAL,AZ,NOGALES,3978.75,648.45,POINT (-110.934129 31.341931)
HEYWOOD MEDICAL GROUP,MA,ATHOL,600.94,79.26,POINT (-72.227055 42.593126)
CARDIOTHORACIC AND VAS,IL,LIBERTYVILLE,0,10052.14,POINT (-87.953339 42.282996)
MEMORIAL HERMANN MEDIC,TX,SHENANDOAH,0,3494.24,POINT (-95.458471 30.179104999999996)
UNIVERSITY PHYSICIANS,CT,FARMINGTON,42.44,0,POINT (-72.824947 41.72651)
ST JAMES HEALTHCARE,MT,BUTTE,239.20,0,POINT (-112.535583 46.01284)
CITY BAY URGENT CARE,CA,SAN FRANCISCO,384.24,0,POINT (-122.42016799999999 37.780080000000005)
ARIA JEFFERSON HEALTH,PA,PHILADELPHIA,2053.97,10955.83,POINT (-75.16562 39.951061)
LEHIGH VALLEY PHYSICIA,PA,BATH,164.40,44.42,POINT (-75.390729 40.727414)
AURORA MEDICAL CENTER,WI,KENOSHA,11373.96,35398.48,POINT (-87.822877 42.588079)
SCOTT WHITE CLINIC,TX,TAYLOR,604.22,321.73,POINT (-97.409131 30.570682)
LITTLE ROCK AMBULANCE,AR,LITTLE ROCK,0,1978.94,POINT (-92.275105 34.748745)
KISHWAUKEE COMMUNITY H,IL,DEKALB,17033.74,105075.48,POINT (-88.751347 41.929921)
ACS PRIMARY CARE PHYS,LA,LAFAYETTE,197.04,252.57,POINT (-92.018773 30.221260000000004)
IU HEALTH WEST HOSPITA,IN,AVON,0,41783.82,POINT (-86.396567 39.76282)
CITY OF HAMPTON VIRGIN,VA,HAMPTON,0,376.21,POINT (-76.342338 37.028265)
MERCER COUNTY HEALTH D,OH,CELINA,0,486.50,POINT (-84.570811 40.549993)
NYPMG HUDSON VALLEY,NY,PEEKSKILL,235.74,181.22,POINT (-73.921894 41.290357)
MAIN LINE HEALTHCARE,PA,EXTON,27.82,0,POINT (-75.63154 40.032966)
URGENT CARE PHYSICIANS,TX,KINGWOOD,1541.30,759.76,POINT (-95.260803 30.033300000000004)
BSA AMARILLO DIAGNOSTI,TX,AMARILLO,0,343.02,POINT (-101.832013 35.207009)
HUGULEY EMERGENCY PHYS,TX,FORT WORTH,179.80,0,POINT (-97.340038 32.739977)
BEEBE PHYSICIAN NETWOR,DE,LEWES,0,33522.85,POINT (-75.140683 38.772886)
ABBOTT NORTHWESTERN HO,MN,ANNANDALE,165.15,282.17,POINT (-94.124433 45.262742)
STEPHEN F AUSTIN,TX,ANGLETON,0,4171.72,POINT (-95.431726 29.164485)
ACCESS FAMILY HEALTH,MS,PONTOTOC,423.61,0,POINT (-88.999324 34.249079)
PINNACLE HEALTH MEDICA,PA,MECHANICSBURG,0,2446.66,POINT (-77.008033 40.213283)
ALLIANCE MEDICAL GOUP,ID,MERIDIAN,12443.41,751.95,POINT (-116.391569 43.610115)
LANAI EMERGENCY MEDICA,HI,LANAI CITY,121.73,0,POINT (-156.918361 20.825376)
NORTH JERSEY PRIMARY C,NJ,MAYWOOD,0,542.27,POINT (-74.06179300000001 40.902657)
ST VINCENT HOSPITAL,WI,SHEBOYGAN,0,140.78,POINT (-87.712907 43.75088)
FAMILY CARE CENTER PC,OR,REDMOND,2380.89,160.45,POINT (-121.17431000000002 44.272553)
MONTCLAIR RADIOLOGY,NJ,POMPTON PLAINS,128.20,77.50,POINT (-74.296097 40.968102)
DELPHI HEALTHCARE PLLC,NY,ALEXANDRIA BAY,145.56,0,POINT (-75.91899 44.336841)
SOUTHWEST GENERAL HEAL,OH,MIDDLEBURG HEIGHTS,2641.69,332.99,POINT (-81.80789 41.370822)
FLORIDA LABORATORY ANA,FL,SAINT AUGUSTINE,12445.44,0,POINT (-81.316709 29.896004000000005)
ST FRANCIS CARDIOVASCU,NY,MANHASSET,0,207.49,POINT (-73.699407 40.796783)
PHYSICIANS PRACTICE GR,GA,EATONTON,103.37,0,POINT (-83.387894 33.325574)
TUSTIN URGENT CARE APC,CA,TUSTIN,184.61,0,POINT (-117.81880500000001 33.742072)
VIRTUA MEDICAL GROUP,NJ,CHERRY HILL,0,171.64,POINT (-75.030928 39.925801)
PACIFIC COAST EMERGENC,CA,LONG BEACH,2709.78,0,POINT (-118.19372300000002 33.767168)
TRI CITIES REGIONAL EM,TN,ELIZABETHTON,63.02,0,POINT (-82.249703 36.343894)
SOUTHWEST WOMENS HEALT,TX,HOUSTON,159.87,0,POINT (-95.369506 29.760803)
HILLCREST HOSPITAL,OH,WARRENSVILLE HEIGHTS,12270.16,6582.24,POINT (-81.527581 41.44218800000001)
JOHNS HOPKINS UNIVERSI,MD,BALTIMORE,6335.25,153355.02,POINT (-76.612333 39.290443)
MERCY CLINIC PHYSICAL,MO,HILLSBORO,74.84,0,POINT (-90.567228 38.232139)
FAMILY HEALTH CENTERS,IN,JEFFERSONVILLE,0,36.31,POINT (-85.72554 38.299811)
MARSHALL MEDICAL CENTE,TN,LEWISBURG,12738.71,0,POINT (-86.788907 35.450991)
GOLDEN STATE URGENT CA,CA,LOS GATOS,2175.19,206.44,POINT (-121.979636 37.221339)
WELLSTAR MARIETTA INTE,GA,HIRAM,178.10,11521.32,POINT (-84.761462 33.877756)
TRIHEALTH,OH,BATAVIA,0,250.47,POINT (-84.17955300000001 39.078695)
NOKESVILLE MEDICINE PC,VA,NOKESVILLE,2602.08,0,POINT (-77.583699 38.700188)
FRANCISCAN PHYSICIAN N,IN,SHELBYVILLE,0,8.26,POINT (-85.777011 39.52295)
CMC DEPARTMENT OF MEDI,NJ,WOODBURY,0,5570.60,POINT (-75.15316 39.838159)
MERCY MANAGEMENT OF SO,PA,SPRINGFIELD,0,86.33,POINT (-75.320577 39.930607)
CEP AMERICA ILLINOIS L,IL,ARLINGTON HEIGHTS,0,71.49,POINT (-87.98051 42.08296)
ELMHURST CLINIC,IL,ELMHURST,0,1651.95,POINT (-87.939953 41.902162)
HEALTHSTAR PHYSICIANS,AR,HOT SPRINGS NATIONAL,4576.75,69.37,POINT (-93.055659 34.502785)
CRYSTAL SPRINGS EMERGE,CA,ARCATA,693.49,0,POINT (-124.090548 40.86818600000001)
NORTH WESTER MEDICAL G,IL,VERNON HILLS,69.92,93.04,POINT (-87.959562 42.238635)
PLEASANTON EMERGENCY M,CA,PLEASANTON,4756.41,375.84,POINT (-121.87892299999999 37.656667)
QUALITY OF LIFE HEALTH,AL,TUSKEGEE,271.35,0,POINT (-85.690489 32.423636)
STARR REGIONAL HEALTH,TN,ATHENS,430.07,598.81,POINT (-84.60690300000002 35.448396)
EMERGENCY PHYSICIAN AS,NJ,CHERRY HILL,17651.60,18555.75,POINT (-75.030928 39.925801)
THE CHARLOTTE MECKLENB,NC,LINCOLNTON,8868.28,67217.44,POINT (-81.240128 35.476429)
OUR URGENT CARE HEALTH,MD,ELKRIDGE,949.52,0,POINT (-76.70969 39.21662100000001)
ADVANCED RADIOLOGY CON,MO,INDEPENDENCE,62.93,36.24,POINT (-94.412017 39.093659)
ARIA HEALTH PHYSICIAN,PA,LEVITTOWN,27.82,0,POINT (-74.827115 40.154658)
JEFFERSON UNIVERSITY P,NJ,VOORHEES,0,1518.89,POINT (-74.949196 39.857822000000006)
SUNCOAST URGENT CARE C,FL,SPRING HILL,3913.49,888.73,POINT (-82.538748 28.476924)
BERGEN POST ACUTE CARE,NJ,HACKENSACK,0,4241.73,POINT (-74.043799 40.881341)
KOOTENAI COUNTY EMS,ID,COEUR D ALENE,0,1703.44,POINT (-116.784122 47.673517)
ST PETERS HEALTH PARTN,NY,ALBANY,0,27.42,POINT (-73.755418 42.651242)
NORTHWEST ACUTE CARE S,OR,GRESHAM,1657.83,121.25,POINT (-122.42767699999999 45.496729)
UNIVERSITY OF UTAH HEA,UT,SALT LAKE CITY,0,141.18,POINT (-111.888142 40.758478)
ANESCO NORTH BROWARD L,FL,DEERFIELD BEACH,0,974.46,POINT (-80.099781 26.320584)
MID OHIO EMERGENCY PHY,OH,MANSFIELD,362.38,362.38,POINT (-82.515469 40.758553)
UCLA DEPARTMENT OF MED,CA,LOS ANGELES,204.23,0,POINT (-118.243344 34.052238)
PALMS MEDICAL GROUP,FL,CHIEFLAND,75.23,0,POINT (-82.856761 29.479563)
TRI COUNTY PRACTICE AS,TX,AUSTIN,0,910.30,POINT (-97.746598 30.264979)
JW PLASTIC SURGERY,IL,CHICAGO,314.68,47.43,POINT (-87.632398 41.88322900000001)
NOVANT MEDICAL GROUP,NC,CHARLOTTE,204.99,268.67,POINT (-80.840161 35.222936)
CROSS LAKE EMER GROUP,LA,SHREVEPORT,188.55,1692.71,POINT (-93.747757 32.51424)
SCRN LLC,NC,MONROE,320.32,0,POINT (-80.565444 35.073428)
DOCTORS ON CALL PC,CO,AVON,1295.48,0,POINT (-106.522252 39.63228)
DUPAGE EMERGENCY PHYSI,IL,NORTHBROOK,3801.89,1549.57,POINT (-87.831558 42.130979)
BELLEVUE HOSPITAL CENT,NY,ELMHURST,1610.05,1528.41,POINT (-73.878304 40.736401)
QUALIFIED EMER SPEC IN,OH,FAIRFIELD TOWNSHIP,603.86,0,POINT (-84.51965 39.390411)
PINNACLE HEALTH MEDICA,PA,YORK,0,380.50,POINT (-76.734668 39.960339)
HAZLETON PROFESSIONAL,PA,SUGARLOAF,135.35,125.16,POINT (-76.084752 40.986045)
TRI COUNTY PRACTICE AS,TX,ROUND ROCK,792.53,0,POINT (-97.678805 30.508556000000002)
PACIFIC MEDICAL CENTER,WA,PUYALLUP,0,51.07,POINT (-122.29231800000001 47.177438)
INTERMOUNTAIN HEALTHCA,UT,SALT LAKE CITY,1498.04,615.65,POINT (-111.888142 40.758478)
IOWA PHYSICIANS CLINIC,IL,MOLINE,713.89,0,POINT (-90.489271 41.492225)
SOUTHEASTERN PHYSICIAN,MO,SAINT PETERS,0,153.50,POINT (-90.595849 38.792639)
NORTHEAST GEORGIA PHYS,GA,CLEVELAND,165101.75,47267.73,POINT (-83.762891 34.596724)
Dallas County Hospital,TX,DALLAS,25418.43,3924706.49,POINT (-96.796215 32.777977)
VHS DETROIT RECEIVING,MI,DETROIT,8295.23,851.75,POINT (-83.047853 42.332916)
MCLAREN,MI,FLINT,2176.58,100.00,POINT (-83.685109 43.00992)
Florida Hospital,FL,WINTER PARK,35260.58,29046.47,POINT (-81.33882 28.600246)
TRUMAN MEDICAL CENTER,MO,KANSAS CITY,296955.29,114840.39,POINT (-94.578559 39.099792)
INFORM DIAGNOSTICS,AZ,PHOENIX,15500.00,0,POINT (-112.072585 33.448204)
SAINT  PETERS UNIVERSI,NJ,NEW BRUNSWICK,57304.37,3865824.24,POINT (-74.444139 40.495921)
EXCEL PEDIATRICS,FL,CLERMONT,0,124.86,POINT (-81.732898 28.49532)
FLORIDA HOSPITAL PHYSI,FL,TAMPA,0,114.17,POINT (-82.458776 27.947423)
GOLDEN TRIANGLE RADIOL,MS,COLUMBUS,650.11,190.42,POINT (-88.424393 33.495562)
EMERGENCY PHYSICIANS O,FL,SAINT PETERSBURG,26764.21,2134.85,POINT (-82.638488 27.772069000000002)
SOUTH BAY HOSPITAL,FL,SUN CITY CENTER,489.03,4926.45,POINT (-82.342182 27.723915)
ST JOHNS HOSPITAL,IL,SPRINGFIELD,2982.91,0,POINT (-89.643624 39.79936)
CHARLESTON CARENOW URG,SC,GOOSE CREEK,871.41,0,POINT (-80.038123 33.001149)
NORTHERN OCEAN COUNTY,NJ,NORTH BERGEN,0,436.91,POINT (-74.023344 40.793499)
DALLAS ID ASSOCIATES P,TX,IRVING,0,58911.53,POINT (-96.949933 32.813879)
KAREN THORNTON,NY,NEW YORK,395.52,129.72,POINT (-74.007228 40.713054)
NYPMG QUEENS,NY,FRESH MEADOWS,201.10,1483.63,POINT (-73.93 41.368099)
AFC URGENT CARE OF SAN,CA,SAN DIEGO,831.22,217.66,POINT (-117.163817 32.71576)
PROVIDENCE HEALTH ALLI,TX,WACO,225.04,0,POINT (-97.129989 31.556766999999997)
SETON COASTSIDE EMERGE,CA,MOSS BEACH,71.09,0,POINT (-122.513396 37.527471)
PULMONARY PHYSICIANS O,FL,HIALEAH,0,4033.55,POINT (-80.281502 25.827202)
BANNER DESERT MEDICAL,AZ,MESA,104807.04,137875.40,POINT (-111.831498 33.41514)
NORTH HILLS HOSPITAL,TX,NORTH RICHLAND HILLS,2437.01,58249.10,POINT (-97.214266 32.838869)
UNION EMERGENCY MEDICA,NJ,UNION,26207.46,2076.16,POINT (-74.269889 40.696436)
TRAVEL MEDICINE  INFEC,FL,WELLINGTON,0,20668.87,POINT (-80.253838 26.661062)
NORTH SHORE PHYSICIANS,MA,SAUGUS,3780.21,3827.83,POINT (-71.008529 42.465037)
ABBOTT NORTHWESTERN HO,MN,OAKDALE,0,92.23,POINT (-92.964595 44.98563200000001)
PORTNEUF MEDICAL CENTE,ID,POCATELLO,273.55,0,POINT (-112.443496 42.866617)
VIRGINIA HOSPITAL CENT,VA,FALLS CHURCH,0,19454.08,POINT (-77.173697 38.88393400000001)
HEALTHEAST BETHESDA HO,MN,SAINT PAUL,0,3293.31,POINT (-93.094281 44.943719)
NORTHWEST RADIOLOGY NE,IN,ANDERSON,8.95,86.37,POINT (-85.67821 40.107884)
ST JOHN PHYSICIANS INC,OK,TULSA,0,144.44,POINT (-95.992083 36.155327)
GUTHRIE CLINIC,PA,TROY,83.65,0,POINT (-76.78895 41.784698)
HENNEPIN COUNTY MEDICA,MN,MINNEAPOLIS,0,253.20,POINT (-93.264346 44.977479)
CAROLINAS PHYSICIANS N,NC,CHARLOTTE,108.81,0,POINT (-80.840161 35.222936)
GREATER MOBILE URGENT,AL,SEMMES,6325.02,406.00,POINT (-88.258892 30.778665999999998)
PALMS MEDICAL GROUP,FL,TRENTON,2031.67,0,POINT (-82.807509 29.613445)
SWEDISH PHYSICIANS LLC,WA,EDMONDS,0,64.69,POINT (-122.376643 47.811617)
LINCOLN COUNTY AMBULAN,MO,TROY,0,974.49,POINT (-90.981261 38.979534)
JOHNSON MEMORIAL HEALT,MN,DAWSON,112.32,0,POINT (-96.054659 44.932863)
JIYA MEDICAL GROUP PLL,TX,PLANO,0,957.44,POINT (-96.697586 33.019695)
SU CLINICA FAMILIAR,TX,HARLINGEN,820.96,168.10,POINT (-97.696108 26.190649)
PREMIER MEDICINE PC,MI,LIVONIA,6318.32,631.17,POINT (-83.36961000000001 42.39709)
MISSION HOSPITAL REGIO,CA,MISSION VIEJO,22554.10,79682.34,POINT (-117.65909900000001 33.595018)
SOUTH MISSISSIPPI PSYC,MS,HATTIESBURG,43418.35,317308.36,POINT (-89.289635 31.326447)
AHN WESTMORELAND PRIMA,PA,CANONSBURG,51.30,0,POINT (-80.187689 40.262711)
OSU INTERNAL MEDICINE,OH,DUBLIN,8.50,17.00,POINT (-83.113812 40.099562)
ALASKA REGIONAL HOSPIT,AK,ANCHORAGE,8704.29,148.11,POINT (-149.899597 61.21658299999999)
TEXAS HEALTH PHYSICIAN,TX,FORNEY,62.25,0,POINT (-96.472348 32.752075)
TRINITY MEDICAL CENTER,IL,ROCK ISLAND,733.66,570.69,POINT (-90.583568 41.472348)
GENESIS PRIMARY CARE P,OH,ZANESVILLE,191.44,285.28,POINT (-82.003967 39.939998)
NOVANT MEDICAL GROUP,NC,CHARLOTTE,498.26,0,POINT (-80.840161 35.222936)
MOSES CONE PHYSICIANS,NC,GREENSBORO,66.26,0,POINT (-79.793899 36.072701)
CAROLINAS PHYSICIANS N,NC,KINGS MOUNTAIN,0,199.65,POINT (-81.344356 35.240899)
PENINSULA COMMUNITY HE,WA,POULSBO,151.75,0,POINT (-122.644161 47.733346)
Empire City Laboratori,NY,BROOKLYN,586953.81,186942.75,POINT (-73.990996 40.692529)
VIA AFFILIATES,PA,DOYLESTOWN,0,2078.96,POINT (-75.130507 40.309997)
ST JOSEPH HEALTH NORTH,CA,SANTA ROSA,1619.40,446.83,POINT (-122.71564199999999 38.439698)
MEDICAL RESOURCE MANAG,OK,EDMOND,19445.53,1843.29,POINT (-97.481511 35.65314)
GOOD SAMARITAN HOSPITA,NY,WEST ISLIP,16961.09,1311824.58,POINT (-73.306541 40.706256)
RIVER REGION HEALTH SY,MS,VICKSBURG,4102.51,37241.70,POINT (-90.88245600000002 32.348144)
CENTRACARE HEALTH SYST,MN,LONG PRAIRIE,2049.53,5546.29,POINT (-94.86534400000001 45.974205000000005)
HOMETOWN HEALTH MANAGE,NV,FALLON,2326.27,18.75,POINT (-118.78151800000002 39.473939)
RURAL HEALTHCARE INC,FL,PALM COAST,412.00,0,POINT (-81.214912 29.582246999999995)
EMCARE IAH EMERGENCY P,TX,DALLAS,429.18,0,POINT (-96.796215 32.777977)
CROWLEY EMERGENCY GROU,LA,CROWLEY,1032.21,372.48,POINT (-92.381228 30.211225999999996)
EPI PC,MI,HOLLAND,1875.68,55.68,POINT (-86.09629700000002 42.751561)
MED STAT AMBULANCE LLC,TN,MANCHESTER,0,752.01,POINT (-86.081193 35.476418)
CENTERS AGENCY LLC,NY,BROOKLYN,301.99,0,POINT (-73.990996 40.692529)
SCOTT WHITE CLINIC,TX,BELTON,0,110.30,POINT (-97.463763 31.056417)
CONCORD MEDICAL GROUP,OK,OKLAHOMA CITY,171.37,0,POINT (-97.521264 35.468494)
MERCY URGENT CARE CENT,MO,EUREKA,730.56,0,POINT (-90.627978 38.502811)
DE CRAIG RANCH LLC,NV,NORTH LAS VEGAS,11410.06,22128.15,POINT (-115.116984 36.197539)
FOOTHILL PRESBYTERIAN,CA,GLENDORA,13639.24,42218.36,POINT (-117.865485 34.136001)
NORTHERN MEDICAL GROUP,NY,HIGHLAND,541.37,369.00,POINT (-73.964749 41.718863)
EMERGENCY MEDICAL ASSO,IL,CHICAGO,2758.75,704.98,POINT (-87.632398 41.88322900000001)
NEW HORIZON FAMILY HEA,SC,GREER,204.60,76.80,POINT (-82.229195 34.939311)
CROSSROADS URGENT CARE,TN,NASHVILLE,1977.66,0,POINT (-86.779932 36.166687)
MAYO CLINIC ARIZONA,AZ,SCOTTSDALE,188.04,989.75,POINT (-111.926061 33.494909)
TOWN OF HILTON HEAD EM,SC,HILTON HEAD ISLAND,0,368.95,POINT (-80.747563 32.215401)
HARVARD STREET NEIGHBO,MA,DORCHESTER,6321.40,5689.29,POINT (-71.074997 42.297199)
APP OF MISSISSIPPI ED,MS,JACKSON,1531.60,0,POINT (-90.183488 32.302897)
UVALDE MEMORIAL HOSPIT,TX,UVALDE,13213.37,752.20,POINT (-99.786769 29.210991000000003)
PRIMARY CARE AND HOPE,TN,MURFREESBORO,215.61,6689.81,POINT (-86.391449 35.845963)
ACADIANA RADIOLOGY GRO,LA,LAFAYETTE,102.25,235.82,POINT (-92.018773 30.221260000000004)
CHRISTUS HEALTH SANTA,TX,SAN ANTONIO,0,25685.21,POINT (-98.494599 29.425172999999997)
MISSION COMMUNITY ANES,NC,FRANKLIN,43.07,0,POINT (-83.381165 35.1819)
MISSION COMMUNITY ANES,NC,SPRUCE PINE,43.07,0,POINT (-82.072975 35.915839000000005)
ST JOHNS PLEASANT VALL,CA,CAMARILLO,161.51,0,POINT (-119.05066700000002 34.225403)
THIBODAUX EMERGENCY PH,LA,THIBODAUX,3429.64,0,POINT (-90.822529 29.795742)
GUTHRIE CLINIC,NY,CORTLAND,18.28,0,POINT (-76.180483 42.601213)
MANATEE COUNTY RURAL H,FL,BRADENTON,14849.43,720.10,POINT (-82.562798 27.488962)
NEW YORK SOCIETY FOR T,NY,NEW YORK,0,746.01,POINT (-74.007228 40.713054)
NYPMG QUEENS,NY,FLUSHING,5773.33,122679.93,POINT (-73.817802 40.765301)
ALTRU HEALTH SYSTEM,ND,DEVILS LAKE,74.66,0,POINT (-98.865291 48.117859)
ABBOTT NORTHWESTERN HO,MN,ELK RIVER,1644.32,716.59,POINT (-93.57741 45.307777)
ELLIS HOSPITAL,NY,SCHENECTADY,0,18260.32,POINT (-73.944103 42.814219)
UPSTATE AFFILIATE ORGA,SC,CLINTON,14041.66,1600.29,POINT (-81.880784 34.47264)
ARDAS LLC,CO,AURORA,3875.06,3377.91,POINT (-104.819356 39.71121300000001)
NORTH TEXAS KIDNEY CON,TX,ARLINGTON,0,72.83,POINT (-97.10711 32.735594)
OGDEN REGIONAL MEDICAL,UT,OGDEN,7798.86,909.41,POINT (-111.970419 41.222761)
WEBSTER HEALTH SERVICE,MS,EUPORA,864.89,0,POINT (-89.267157 33.539946)
GAINESVILLE EMERGENCY,FL,GAINESVILLE,2904.60,0,POINT (-82.325024 29.651958)
UNIVERSITY HEALTH SYST,TX,SAN ANTONIO,39041.49,763216.95,POINT (-98.494599 29.425172999999997)
BRONSON BATTLE CREEK H,MI,BATTLE CREEK,8403.75,42278.87,POINT (-85.182454 42.31918)
JAMES V MARTINO,PA,WILKES BARRE,0,582.40,POINT (-75.881184 41.246249)
FLORIDA CLINICAL PRACT,FL,GAINESVILLE,168.79,0,POINT (-82.325024 29.651958)
PRIVIA MEDICAL GROUP,VA,ALEXANDRIA,1029.15,373.35,POINT (-77.043614 38.804665)
CAMBRIDGE PUBLIC HEALT,MA,CAMBRIDGE,0,577.06,POINT (-71.105015 42.365248)
ASSOCIATED PHYSICIANS,MA,NEEDHAM,1640.81,190.22,POINT (-71.23684 42.280944)
UNITED HOSPITAL SYSTEM,WI,PLEASANT PRAIRIE,87.93,0,POINT (-87.888136 42.516834)
SOUTH CENTRAL MISSOURI,MO,ROLLA,873.86,0,POINT (-91.77255100000002 37.951497)
SOUTHEAST ALABAMA MEDI,AL,DOTHAN,0,13294.14,POINT (-85.391121 31.224296999999996)
NORTH HUDSON COMMUNITY,NJ,PASSAIC,677.01,4079.45,POINT (-74.12484 40.859885)
VIRTUA MEDICAL GROUP,NJ,LUMBERTON,0,27.73,POINT (-74.806639 39.963487)
INTERMOUNTAIN HEALTHCA,UT,LOGAN,4587.50,2286.35,POINT (-111.834857 41.735211)
CARDIOLOGY PHYSICIANS,CT,FAIRFIELD,0,716.62,POINT (-73.249812 41.143322)
HEMPHILL COUNTY HOSPIT,TX,CANADIAN,718.62,51.33,POINT (-100.384858 35.914930000000005)
BAPTIST EMERGENCY HOSP,TX,SAN ANTONIO,274.42,733.68,POINT (-98.494599 29.425172999999997)
FLORIDA EMERGENCY PHYS,FL,ORLANDO,33537.63,16530.97,POINT (-81.378879 28.538331)
JEFFERSON UNIVERSITY P,PA,BENSALEM,0,468.77,POINT (-74.942875 40.110248)
MARY HITCHCOCK MEMORIA,NH,LEBANON,5286.77,851.33,POINT (-72.250595 43.642425)
PROPATH SERVICES LLC,TX,DALLAS,100.00,0,POINT (-96.796215 32.777977)
UNMC PHYSICIANS CORPOR,CT,FAIRFIELD,0,493.76,POINT (-73.249812 41.143322)
ASSOCIATED PHYSICIANS,MA,AYER,379.90,251.43,POINT (-71.586527 42.559168)
KENNEDY MEDICAL GROUP,NJ,STRATFORD,0,693.60,POINT (-75.012523 39.834483)
SANTIBANEZ AGUIRRE PC,UT,SALT LAKE CITY,0,599.41,POINT (-111.888142 40.758478)
ONE MEDICAL,CA,SAN FRANCISCO,143.55,0,POINT (-122.42016799999999 37.780080000000005)
IOWA PHYSICIANS CLINIC,IA,ALTOONA,83.84,0,POINT (-93.464609 41.64404)
NYPMG QUEENS,NY,WHITESTONE,143.24,1794.18,POINT (-73.818901 40.794399)
NORTH SHORE LIJ,NY,NEW HYDE PARK,1561.54,977.21,POINT (-73.688398 40.735251)
GERIATRIC HOME CARE PH,TX,SUGAR LAND,0,596.33,POINT (-95.620971 29.597075000000004)
HOWARD UNIVERSITY HOSP,DC,WASHINGTON,0,2949.58,POINT (-77.019912 38.892062)
BANNER HOSPITAL BASED,AZ,PAGE,0,9.23,POINT (-111.45617400000002 36.910943)
MINUTECLINIC DIAGNOSTI,IN,INDIANAPOLIS,11499.48,217.60,POINT (-86.156212 39.76845)
ST VINCENT INFIRMARY M,AR,LITTLE ROCK,1197.65,6492.59,POINT (-92.275105 34.748745)
UNC PHYSICIANS NETWORK,NC,CHAPEL HILL,50.62,0,POINT (-79.055474 35.910262)
ST LUKES PHYSICIAN GRO,PA,MACUNGIE,25.82,0,POINT (-75.549535 40.512715)
HOLY CROSS MEDICAL GRO,FL,OAKLAND PARK,66160.69,147505.19,POINT (-80.131699 26.172296)
SACRED HEART MEDICAL G,FL,PENSACOLA,0,1241.25,POINT (-87.21757800000002 30.406931)
TRIDENT REGIONAL MEDIC,SC,MONCKS CORNER,11243.52,12836.09,POINT (-80.010346 33.194788)
FLORIDA COMMUNITY HEAL,FL,CLEWISTON,6779.89,843.04,POINT (-80.946915 26.749279)
IOWA PHYSICIANS CLINIC,IL,EAST MOLINE,142.12,0,POINT (-90.444407 41.500559)
SOUTH TEXAS RENAL CARE,TX,SAN ANTONIO,210.14,0,POINT (-98.494599 29.425172999999997)
AHMC GREATER EL MONTE,CA,SOUTH EL MONTE,0,10482.48,POINT (-118.046258 34.043996)
VANDERBILT UNIVERSITY,TN,BRENTWOOD,880.44,101.72,POINT (-86.778892 35.995514)
UNIVERSITY EMERGENCY M,RI,PROVIDENCE,27887.34,21803.35,POINT (-71.412747 41.824461)
EMERGENCY MEDICINE ASS,MD,LANHAM SEABROOK,4796.06,3226.72,
CENTRAL FLORIDA HEALTH,FL,LAKELAND,1386.78,0,POINT (-81.954113 28.040507)
OB PERINATOLOGY GROUP,NY,ROCHESTER,87.08,0,POINT (-77.612547 43.155708)
ALLEGHANY HEALTH NETWO,PA,PITTSBURGH,2778.15,0,POINT (-79.994945 40.442169)
PURDUE UNIVERSITY STUD,IN,BURLINGTON,102.66,0,POINT (-86.394995 40.481653)
GREENBRIER VMC LLC,WV,RONCEVERTE,1302.66,0,POINT (-80.470248 37.747827)
ST MARYS HOSPITAL,IL,CENTRALIA,300.00,0,POINT (-89.133204 38.526099)
ABBOTT NORTHWESTERN HO,MN,RICHFIELD,2907.20,901.91,POINT (-93.26793900000001 44.879904)
CAPE COD EMERGENCY ASS,MA,BOSTON,124.85,0,POINT (-71.056742 42.358894)
AM PM WALK IN URGENT C,NJ,BERGENFIELD,81843.75,469.34,POINT (-73.996012 40.927858)
PROMINIS MEDICAL SERVI,NY,STATEN ISLAND,78.19,0,POINT (-74.076203 40.643498)
ARTURO LOPEZ MD PA,TX,SAN ANTONIO,0,2739.47,POINT (-98.494599 29.425172999999997)
LEHIGH VALLEY PHYSICIA,PA,EMMAUS,1043.60,15.13,POINT (-75.495191 40.53676)
JOHNS HOPKINS UNIVERSI,MD,LUTHERVILLE,0,3217.55,POINT (-76.612943 39.426296)
ABBOTT NORTHWESTERN HO,MN,MINNEAPOLIS,2327.65,581.44,POINT (-93.264346 44.977479)
MID SUSSEX MEDICAL CEN,DE,SEAFORD,0,276.95,POINT (-75.622492 38.64624)
IOWA SPECIALTY HOSPITA,IA,BELMOND,333.29,49340.07,POINT (-93.602404 42.848753)
HEALTHSTAR PHYSICIANS,TN,DANDRIDGE,21.57,0,POINT (-83.415609 36.016652)
DONLEY COUNTY MEDICAL,TX,CLARENDON,349.27,498.37,POINT (-100.890953 34.939307)
NORTH SHORE LIJ,NY,GLEN COVE,816.40,7929.81,POINT (-73.63976 40.867785)
PHILLIPS LANDING EMERG,AR,VAN BUREN,125.36,166.67,POINT (-94.347781 35.436742)
CPH HOSPITAL MANAGEMEN,CA,NORWALK,51.33,0,POINT (-118.07249399999999 33.914183)
PRACTICE ASSOCIATES ME,NJ,NEWARK,308.41,342.22,POINT (-74.174388 40.731507)
RADIOLOGY ASSOC OF MOB,AL,MOBILE,1809.66,431.28,POINT (-88.044822 30.688943)
ST JOHN HOSPITAL AND M,MI,SOUTHFIELD,17.76,53.54,POINT (-83.240756 42.477952)
ESSENTIA HEALTH ST MAR,MN,FRAZEE,123.46,0,POINT (-95.699341 46.726969)
SOUTHERN ILLINOIS HEAL,IL,EAST SAINT LOUIS,303.60,0,POINT (-90.154935 38.622934)
COMMUNITY MEDICAL CENT,MS,LUCEDALE,2096.23,579.05,POINT (-88.595879 30.924753999999997)
CENTENNIAL HEART LLC,TN,LAFAYETTE,0,69.95,POINT (-86.027064 36.524484)
FAMILY HEALTHCARE OF L,NC,HUNTERSVILLE,75.77,0,POINT (-80.848994 35.410565)
DUKE UNIV AFFIL PHYSIC,NC,CARY,540.58,0,POINT (-78.781139 35.791444)
SCOTT WHITE CLINIC,TX,TEMPLE,839.71,1168.12,POINT (-97.342737 31.098237)
JOSE A AGUIRRE MD PC,NV,GARDNERVILLE,0,430.83,POINT (-119.739355 38.938564)
PRIMARY CARE GROUP,TN,MEMPHIS,120.42,0,POINT (-90.052136 35.143378)
PROVIDENCE TARZANA MED,CA,TARZANA,1284.22,3238.16,POINT (-118.553101 34.173302)
HEALTH TEXAS PROVIDER,TX,WAXAHACHIE,0,1113.75,POINT (-96.84699200000001 32.39361)
LURIE CHILDRENS MEDICA,IL,WESTCHESTER,0,21.56,POINT (-87.882142 41.855821)
Montefiore Mount Verno,NY,MOUNT VERNON,2057.21,62669.39,POINT (-73.837264 40.912696)
CITY OF LINDEN,NJ,LINDEN,0,2259.00,POINT (-74.249961 40.629587)
SANTIBANEZ AGUIRRE PC,UT,BOUNTIFUL,0,2287.43,POINT (-111.878388 40.879209)
ABBOTT NORTHWESTERN HO,MN,MINNEAPOLIS,16885.01,204906.60,POINT (-93.264346 44.977479)
LALLIE KEMP CHARITY HO,LA,INDEPENDENCE,27271.11,0,POINT (-90.500399 30.633635999999996)
MAYO CLINIC ARIZONA,AZ,PHOENIX,18950.36,50429.35,POINT (-112.072585 33.448204)
PARAGOULD ANESTHESIA G,TN,MEMPHIS,16.36,0,POINT (-90.052136 35.143378)
MOUNT CARMEL HEALTH PR,OH,COLUMBUS,0,446.24,POINT (-82.996216 39.962649)
BLUFFTON REGIONAL MEDI,IN,BLUFFTON,1029.69,208.14,POINT (-85.171491 40.738702)
PATIENT FIRST,VA,FREDERICKSBURG,782.11,45.78,POINT (-77.460658 38.303297)
GASTROENTEROLOGY ASSOC,NJ,LINCOLN PARK,0,238.65,POINT (-74.30414700000001 40.921859)
MMC EMERGENCY PHYSICIA,CA,SANTA MARIA,529.17,0,POINT (-120.43588099999998 34.948403)
OVEIDO MEDICAL CENTER,FL,OVIEDO,8345.83,953.48,POINT (-81.208479 28.670289999999998)
TAMPA FAMILY HELATH CE,FL,TAMPA,193.52,0,POINT (-82.458776 27.947423)
EL RIO COMMUNITY HEALT,AZ,TUCSON,0,863.90,POINT (-110.971225 32.221878)
WELLSTAR KENNESTONE HO,GA,MARIETTA,167008.06,759797.86,POINT (-84.549051 33.952304)
SUSQUEHANNA PHYSICIAN,PA,WILLIAMSPORT,240.86,0,POINT (-77.04192 41.241489)
ALTAMED HEALTH SERVICE,CA,GARDEN GROVE,492.45,815.27,POINT (-117.937878 33.776069)
COTTON ONEIL CLINIC,KS,LEBO,379.68,0,POINT (-95.857845 38.412819)
BAYLOR COLLEGE OF MEDI,TX,HOUSTON,0,164.02,POINT (-95.369506 29.760803)
UNIVERSITY OF MISSISSI,MS,JACKSON,72539.87,524257.74,POINT (-90.183488 32.302897)
TWIN RIVERS URGENT CAR,NE,NORTH PLATTE,51.33,0,POINT (-100.763969 41.132507)
GNADEN HEUTTEN MEMORIA,PA,BOWMANSTOWN,3845.31,0,POINT (-75.660845 40.8026)
FLOYD HEALTHCARE MANAG,GA,SUMMERVILLE,832.68,0,POINT (-85.347851 34.48069)
DOCTORS EXPRESS,NJ,LYNDHURST,2595.75,0,POINT (-74.122862 40.802736)
ADVANTAGECARE PHYSICAN,NY,HICKSVILLE,404.84,0,POINT (-73.523788 40.76296)
QUEST DIAGNOSTICS AML,NV,LAS VEGAS,10450.25,200.00,POINT (-115.14059700000001 36.169202)
NUCH OF TEXAS,TX,ROCKWALL,644.77,0,POINT (-96.45865 32.931051)
UNIVERSITY OF CINCINNA,OH,CINCINNATI,82.75,0,POINT (-84.513808 39.104427)
HOLY CROSS MEDICAL GRO,FL,FORT LAUDERDALE,0,2577.92,POINT (-80.143586 26.124163)
ONE MEDICAL,CA,PALO ALTO,255.18,0,POINT (-122.16036299999999 37.445103)
SACRED HEART HOSPITAL,FL,MIRAMAR BEACH,0,39050.28,POINT (-86.363493 30.375132)
DOCTORS EXPRESS,OR,LAKE OSWEGO,949.26,0,POINT (-122.667696 45.421092)
SSM HEALTHCARE OF WISC,WI,WISCONSIN DELLS,8324.59,13923.82,POINT (-89.775781 43.652392)
NEIGHBORHOOD MEDICAL C,NJ,BELLEVILLE,0,159.10,POINT (-74.152885 40.787363)
JOINT TOWNSHIP DISTRIC,OH,SAINT MARYS,1446.90,2471.24,POINT (-84.39032400000002 40.542236)
PUBLIC HOSPITAL DIST 2,WA,ANACORTES,5984.33,46.20,POINT (-122.631503 48.505447)
HISTOPATHOLOGY SERVICE,NJ,RAMSEY,3400.00,0,POINT (-74.143964 41.057148)
PALMS WEST HOSPITAL,FL,LOXAHATCHEE,16535.85,506934.51,POINT (-80.279999 26.6833)
VIRTUA MEDICAL GROUP,NJ,MOORESTOWN,18.22,242.00,POINT (-74.949841 39.962524)
HEALTHEAST MEDICAL RES,MN,SAINT PAUL,0,1246.66,POINT (-93.094281 44.943719)
HEALTH SERVICES COMMUN,TX,TRINITY,113.58,0,POINT (-95.375142 30.945066000000004)
HOSPITAL AUTHORITY OF,GA,LAKE PARK,0,9.10,POINT (-83.179653 30.684095000000003)
HIGHLAND PHYSICIAN SER,NJ,MONTCLAIR,0,2355.86,POINT (-74.212664 40.822167)
MIDDLESEX HOSPITAL,CT,MIDDLETOWN,600.00,16185.46,POINT (-72.651713 41.544654)
CHARTER OAK HEALTH CEN,MA,NEWTON,189.08,81.76,POINT (-71.211578 42.338028)
NORTHERN COLORADO HOSP,CO,FORT COLLINS,0,6682.93,POINT (-105.082459 40.588972)
QUALITY OF LIFE HEALTH,AL,GADSDEN,18.09,0,POINT (-86.021173 34.011579)
LIVE OAK HMA LLC,FL,LIVE OAK,458.83,6698.22,POINT (-82.986458 30.299265)
MEMORIAL HERMANN MEDIC,TX,HOUSTON,0,23987.71,POINT (-95.369506 29.760803)
MERCY MEDICAL CENTER,MA,SPRINGFIELD,1044.90,674.87,POINT (-72.585757 42.102051)
PROVIDENCE HEALTH AND,OR,PORTLAND,96.08,0,POINT (-122.68142500000002 45.516018)
CALDWELL COUNTY,NC,LENOIR,4035.12,0,POINT (-81.53476 35.905373)
SOUTHERN REGIONAL AHEC,NC,FAYETTEVILLE,190.78,0,POINT (-78.883659 35.054417)
METHODIST HEALTHCARE,TN,GERMANTOWN,43985.37,117647.49,POINT (-89.78727 35.084531)
CHI ST JOSEPH REGIONAL,TX,NAVASOTA,24199.01,0,POINT (-96.088295 30.388412)
UNITED MEMORIAL MEDICA,TX,HOUSTON,0,4663.07,POINT (-95.369506 29.760803)
SIOUX CENTER HEALTH,IA,SIOUX CENTER,573.45,786.33,POINT (-96.17546800000001 43.075969)
SENTARA MEDICAL GROUP,VA,NORFOLK,75.52,213.64,POINT (-76.285913 36.846164)
JEFFERSON UNIVERSITY P,PA,HUNTINGDON VALLEY,0,1155.07,POINT (-75.05713 40.120688)
GENESIS LABORATORY MAN,NJ,OAKHURST,80689.55,70729.08,POINT (-74.023691 40.26254)
CAPE COD EMERGENCY ASS,MA,NORWELL,793.60,306.15,POINT (-70.793765 42.161762)
RICARDO ABREU MD PA,TX,WESLACO,0,30147.21,POINT (-97.982648 26.161532000000005)
ST ANTHONY MEMORIAL HE,IN,MICHIGAN CITY,9323.14,14475.08,POINT (-86.901439 41.719785)
MOUNT AIRY EMERGENCY P,NC,WINSTON SALEM,3653.68,399.97,POINT (-80.243735 36.096261)
SU CLINICA FAMILIAR,TX,BROWNSVILLE,359.17,146.46,POINT (-97.498884 25.903046)
Duke University Hospit,NC,DURHAM,97298.86,148741.38,POINT (-78.899023 35.996948)
MEMORIAL HEALTH CARE S,NE,SEWARD,1296.22,0,POINT (-97.09908 40.907826)
ST ELIZABETH PHYSICIAN,KY,DRY RIDGE,70.82,0,POINT (-84.58992300000001 38.682232)
ROCHESTER GENERAL HOSP,NY,BUFFALO,0,306.99,POINT (-78.879374 42.887691)
DE CRAIG RANCH LLC,NV,LAS VEGAS,7409.25,1061.79,POINT (-115.14059700000001 36.169202)
ROANOKE CHOWAN COMMUNI,NC,MURFREESBORO,72.77,0,POINT (-77.104575 36.442499)
PROVIDENCE HEALTH AND,OR,TIGARD,0,113.03,POINT (-122.76620099999998 45.426438)
WESTERN WASHINGTON EME,WA,TACOMA,5154.15,276.82,POINT (-122.44153000000001 47.25308)
ALTRU HEALTH SYSTEM,ND,GRAND FORKS,319.78,0,POINT (-97.036068 47.925705)
GPS PHYSICIAN GROUP PC,PA,HATBORO,0,82.94,POINT (-75.10564300000001 40.179272)
BIOTECH CLINICAL LABS,MI,NOVI,23945.58,1264.58,POINT (-83.474698 42.466585)
COMMUNITY HEALTH CENTE,KS,COFFEYVILLE,3190.83,72.09,POINT (-95.61571600000002 37.032981)
ST CLAIR SPECIALTY PHY,MI,GROSSE POINTE,0,1121.05,POINT (-82.910913 42.386476)
AUGUSTA MEDICAL GROUP,VA,LEXINGTON,0,204.58,POINT (-79.446556 37.780936)
SHARP CHULA VISTA,CA,CHULA VISTA,2922.71,71669.30,POINT (-117.084042 32.640071)
GERALD L IGNACE INDIAN,WI,MILWAUKEE,74.68,803.16,POINT (-87.909421 43.041072)
MCV ASSOCIATED PHYSICI,VA,RICHMOND,8.61,0,POINT (-77.43393200000001 37.540759)
CALIFORNIA EMERGENCY P,CA,EMERYVILLE,11447.00,896.09,POINT (-122.28581 37.831199)
ST CATHERINE HOSPITAL,IN,EAST CHICAGO,4469.70,43405.68,POINT (-87.480869 41.639418)
SOUTHERN CALIFORNIA EM,CA,YUCAIPA,256.95,0,POINT (-117.038824 34.033848)
W4P LLCDBA HERNANDO CO,FL,CRYSTAL RIVER,496.42,0,POINT (-82.5942 28.899724)
Healthcare Authority f,AL,PRATTVILLE,37483.18,64810.02,POINT (-86.466179 32.471359)
LIFESPAN PHYSICIANS GR,RI,PROVIDENCE,0,5803.44,POINT (-71.412747 41.824461)
BAPTIST HEALTH STUTTGA,AR,BRINKLEY,35.28,35.28,POINT (-91.18851000000001 34.883053)
NOVANT MEDICAL GROUP,NC,CHARLOTTE,13038.13,8743.22,POINT (-80.840161 35.222936)
AURELIA OSBORN FOX MEM,NY,ONEONTA,1263.12,1159.06,POINT (-75.063158 42.45297)
MORTON PLANT HOSPITAL,FL,NEW PORT RICHEY,55101.66,11414.89,POINT (-82.71407500000001 28.250201)
NORTH ATLANTA PROFESSI,GA,ALPHARETTA,0,140.28,POINT (-84.294548 34.07565)
TRUSTEES OF COLUMBIA U,NY,TARRYTOWN,0,10.52,POINT (-73.858329 41.07627300000001)
ABBOTT NORTHWESTERN HO,MN,SAINT PAUL,436.08,0,POINT (-93.094281 44.943719)
CRYSTAL RUN HEALTHCARE,NY,SUFFERN,259.34,389.01,POINT (-74.149803 41.112401)
NOVANT MEDICAL GROUP,SC,ROCK HILL,104.07,0,POINT (-81.0301 34.94133)
UNIVERSITY MEDICAL CEN,TX,EL PASO,177.54,681.79,POINT (-106.492257 31.76006)
MADISON REGIONAL MEDIC,MS,CANTON,2978.81,46707.12,POINT (-90.03489 32.61386)
FREEMAN REGIONAL HEALT,SD,FREEMAN,1611.22,4633.56,POINT (-97.425702 43.349981)
SUTTER HEALTH SACRAMEN,CA,SACRAMENTO,61045.78,467.36,POINT (-121.50012 38.582087)
ADVOCATE HEALTH AND HO,IL,NORMAL,455.10,0,POINT (-88.995074 40.518091)
NOVANT MEDICAL GROUP,NC,WINSTON SALEM,19081.10,18351.85,POINT (-80.243735 36.096261)
PATIENT FIRST,VA,RICHMOND,644.07,0,POINT (-77.43393200000001 37.540759)
PITT COUNTY MEMORIAL H,NC,GREENVILLE,40925.98,71988.62,POINT (-77.3741 35.611332)
STRONG MEDICAL GROUP,NY,ROCHESTER,106.62,0,POINT (-77.612547 43.155708)
UNION ASSOCIATED PHYSI,IN,TERRE HAUTE,1782.57,60.38,POINT (-87.414045 39.466479)
SUMMIT RADIOLOGY SERVI,GA,CONYERS,304.00,315.28,POINT (-84.01779 33.667963)
PALOS MEDICAL GROUP LL,IL,PALOS HEIGHTS,0,426.02,POINT (-87.79891 41.667958)
SVMC HOLDINGS INC,CT,BRIDGEPORT,0,346431.79,POINT (-73.189476 41.179195)
TWIN CITIES PHYSICIANS,MN,MINNEAPOLIS,1783.68,0,POINT (-93.264346 44.977479)
